{
"lengthUnit": "mil",
"components": {
	"fields": ["COMPONENT_NO", "COMPONENT_NAME", "LAYER", "X_COORDINATE", "Y_COORDINATE", "ANGLE"],
	"rows": [
		[1, "0.96inchLCD", "T", 4710, -1640, 0],
		[2, "1uF", "T", 2797.44, -1482.44, 90],
		[3, "1uFN1", "T", 3175, -1475, 90],
		[4, "5.1k", "T", 2866.3, -1287.07, 270],
		[5, "5.1kN1", "T", 2795, -1080, 90],
		[6, "8pF", "T", 4705, -1265, 90],
		[7, "8pFN1", "T", 4700, -1090, 90],
		[8, "10nF", "T", 2683.07, -1484.37, 90],
		[9, "10nFN1", "T", 3772.44, -1387.56, 180],
		[10, "100nF", "T", 3465, -1285.12, 90],
		[11, "100nF", "T", 3315.12, -995, 180],
		[12, "100nF", "T", 2554.06, -1484.49, 90],
		[13, "100nFN1", "T", 3770, -1495, 180],
		[14, "%E8%88%B5%E6%9C%BA", "T", 4560.9, -469.16, 180],
		[15, "boot%E9%80%89%E6%8B%A9", "T", 3035, -665, 180],
		[16, "CH340N", "T", 3245, -1170, 270],
		[17, "HC-SR", "T", 3985, -550, 180],
		[18, "RT9013-33GB", "T", 2920, -1480, 270],
		[19, "SCREW1", "T", 2435, -476.57, 0],
		[20, "SCREW2", "T", 2435, -1735, 0],
		[21, "SCREW3", "T", 5425, -1735, 0],
		[22, "SCREW4", "T", 5425, -476.57, 0],
		[23, "SWDIO", "T", 3915, -1640, 0],
		[24, "U1", "T", 4035, -1140, 90],
		[25, "USB1", "T", 2590, -1180, 270],
		[26, "X1", "T", 4455, -1175, 90]
	]
},
"pins": {
	"fields": ["PIN_NO", "PIN_NAME", "PIN_X", "PIN_Y", "LAYER", "PIN_TYPE", "NET_NAME", "NET_TYPE", "PAD_SHAPE", "PAD_SIZEX", "PAD_SIZEY", "HOLE_SIZE", "PAD_ANGLE"],
	"rows": [
		[1, "0.96inchLCD_1", 4560, -1640, "T", "DIP", "GND", "GND", "C", 70.87, 70.87, 41.34, 0],
		[2, "0.96inchLCD_1", 4560, -1640, "B", "DIP", "GND", "GND", "C", 70.87, 70.87, 41.34, 0],
		[3, "0.96inchLCD_2", 4660, -1640, "T", "DIP", "VCC", "", "C", 70.87, 70.87, 41.34, 0],
		[4, "0.96inchLCD_2", 4660, -1640, "B", "DIP", "VCC", "", "C", 70.87, 70.87, 41.34, 0],
		[5, "0.96inchLCD_3", 4760, -1640, "T", "DIP", "SCL", "", "C", 70.87, 70.87, 41.34, 0],
		[6, "0.96inchLCD_3", 4760, -1640, "B", "DIP", "SCL", "", "C", 70.87, 70.87, 41.34, 0],
		[7, "0.96inchLCD_4", 4860, -1640, "T", "DIP", "SDA", "", "C", 70.87, 70.87, 41.34, 0],
		[8, "0.96inchLCD_4", 4860, -1640, "B", "DIP", "SDA", "", "C", 70.87, 70.87, 41.34, 0],
		[9, "1uF_1", 2797.44, -1510, "T", "SMD", "GND", "GND", "R", 31.5, 35.43, 0, 90],
		[10, "1uF_2", 2797.44, -1454.88, "T", "SMD", "+5V", "", "R", 31.5, 35.43, 0, 90],
		[11, "1uFN1_1", 3175, -1502.56, "T", "SMD", "GND", "GND", "R", 31.5, 35.43, 0, 90],
		[12, "1uFN1_2", 3175, -1447.44, "T", "SMD", "VCC", "", "R", 31.5, 35.43, 0, 90],
		[13, "5.1k_1", 2866.3, -1257.41, "T", "SMD", "$1N1810", "", "R", 31.75, 34.02, 0, 270],
		[14, "5.1k_2", 2866.3, -1316.73, "T", "SMD", "GND", "GND", "R", 31.75, 34.02, 0, 270],
		[15, "5.1kN1_1", 2795, -1109.66, "T", "SMD", "$1N1822", "", "R", 31.75, 34.02, 0, 90],
		[16, "5.1kN1_2", 2795, -1050.34, "T", "SMD", "GND", "GND", "R", 31.75, 34.02, 0, 90],
		[17, "8pF_1", 4705, -1292.56, "T", "SMD", "OSCIN", "", "R", 31.5, 35.43, 0, 90],
		[18, "8pF_2", 4705, -1237.44, "T", "SMD", "GND", "GND", "R", 31.5, 35.43, 0, 90],
		[19, "8pFN1_1", 4700, -1117.56, "T", "SMD", "OSCOUT", "", "R", 31.5, 35.43, 0, 90],
		[20, "8pFN1_2", 4700, -1062.44, "T", "SMD", "GND", "GND", "R", 31.5, 35.43, 0, 90],
		[21, "10nF_1", 2683.07, -1511.93, "T", "SMD", "GND", "GND", "R", 31.5, 35.43, 0, 90],
		[22, "10nF_2", 2683.07, -1456.81, "T", "SMD", "+5V", "", "R", 31.5, 35.43, 0, 90],
		[23, "10nFN1_1", 3800, -1387.56, "T", "SMD", "GND", "GND", "R", 31.5, 35.43, 0, 180],
		[24, "10nFN1_2", 3744.88, -1387.56, "T", "SMD", "VCC", "", "R", 31.5, 35.43, 0, 180],
		[25, "100nF_1", 3465, -1312.68, "T", "SMD", "GND", "GND", "R", 31.5, 35.43, 0, 90],
		[26, "100nF_2", 3465, -1257.56, "T", "SMD", "VCC", "", "R", 31.5, 35.43, 0, 90],
		[27, "100nF_1", 3342.68, -995, "T", "SMD", "$1N2475", "", "R", 31.5, 35.43, 0, 180],
		[28, "100nF_2", 3287.56, -995, "T", "SMD", "GND", "GND", "R", 31.5, 35.43, 0, 180],
		[29, "100nF_1", 2554.06, -1512.05, "T", "SMD", "GND", "GND", "R", 31.5, 35.43, 0, 90],
		[30, "100nF_2", 2554.06, -1456.93, "T", "SMD", "+5V", "", "R", 31.5, 35.43, 0, 90],
		[31, "100nFN1_1", 3797.56, -1495, "T", "SMD", "GND", "GND", "R", 31.5, 35.43, 0, 180],
		[32, "100nFN1_2", 3742.44, -1495, "T", "SMD", "VCC", "", "R", 31.5, 35.43, 0, 180],
		[33, "%25E8%2588%25B5%25E6%259C%25BA_1", 4660.9, -469.16, "T", "DIP", "GND", "GND", "R", 66.93, 66.93, 43.31, 180],
		[34, "%25E8%2588%25B5%25E6%259C%25BA_1", 4660.9, -469.16, "B", "DIP", "GND", "GND", "R", 66.93, 66.93, 43.31, 180],
		[35, "%25E8%2588%25B5%25E6%259C%25BA_2", 4560.9, -469.16, "T", "DIP", "+5V", "", "C", 66.93, 66.93, 43.31, 180],
		[36, "%25E8%2588%25B5%25E6%259C%25BA_2", 4560.9, -469.16, "B", "DIP", "+5V", "", "C", 66.93, 66.93, 43.31, 180],
		[37, "%25E8%2588%25B5%25E6%259C%25BA_3", 4460.9, -469.16, "T", "DIP", "PB4", "", "C", 66.93, 66.93, 43.31, 180],
		[38, "%25E8%2588%25B5%25E6%259C%25BA_3", 4460.9, -469.16, "B", "DIP", "PB4", "", "C", 66.93, 66.93, 43.31, 180],
		[39, "boot%25E9%2580%2589%25E6%258B%25A9_1", 3135, -615, "T", "DIP", "VCC", "", "R", 66.93, 66.93, 43.31, 180],
		[40, "boot%25E9%2580%2589%25E6%258B%25A9_1", 3135, -615, "B", "DIP", "VCC", "", "R", 66.93, 66.93, 43.31, 180],
		[41, "boot%25E9%2580%2589%25E6%258B%25A9_2", 3135, -715, "T", "DIP", "VCC", "", "C", 66.93, 66.93, 43.31, 180],
		[42, "boot%25E9%2580%2589%25E6%258B%25A9_2", 3135, -715, "B", "DIP", "VCC", "", "C", 66.93, 66.93, 43.31, 180],
		[43, "boot%25E9%2580%2589%25E6%258B%25A9_3", 3035, -615, "T", "DIP", "BOOT1", "", "C", 66.93, 66.93, 43.31, 180],
		[44, "boot%25E9%2580%2589%25E6%258B%25A9_3", 3035, -615, "B", "DIP", "BOOT1", "", "C", 66.93, 66.93, 43.31, 180],
		[45, "boot%25E9%2580%2589%25E6%258B%25A9_4", 3035, -715, "T", "DIP", "BOOT0", "", "C", 66.93, 66.93, 43.31, 180],
		[46, "boot%25E9%2580%2589%25E6%258B%25A9_4", 3035, -715, "B", "DIP", "BOOT0", "", "C", 66.93, 66.93, 43.31, 180],
		[47, "boot%25E9%2580%2589%25E6%258B%25A9_5", 2935, -615, "T", "DIP", "GND", "GND", "C", 66.93, 66.93, 43.31, 180],
		[48, "boot%25E9%2580%2589%25E6%258B%25A9_5", 2935, -615, "B", "DIP", "GND", "GND", "C", 66.93, 66.93, 43.31, 180],
		[49, "boot%25E9%2580%2589%25E6%258B%25A9_6", 2935, -715, "T", "DIP", "GND", "GND", "C", 66.93, 66.93, 43.31, 180],
		[50, "boot%25E9%2580%2589%25E6%258B%25A9_6", 2935, -715, "B", "DIP", "GND", "GND", "C", 66.93, 66.93, 43.31, 180],
		[51, "CH340N_1", 3139.39, -1095, "T", "SMD", "D+", "", "O", 24.8, 73.42, 0, 270],
		[52, "CH340N_2", 3139.39, -1145, "T", "SMD", "D-", "", "O", 24.8, 73.42, 0, 270],
		[53, "CH340N_3", 3139.39, -1195, "T", "SMD", "GND", "GND", "O", 24.8, 73.42, 0, 270],
		[54, "CH340N_4", 3139.39, -1245, "T", "SMD", "CH340N_4", "", "O", 24.8, 73.42, 0, 270],
		[55, "CH340N_5", 3350.61, -1245, "T", "SMD", "VCC", "", "O", 24.8, 73.42, 0, 270],
		[56, "CH340N_6", 3350.61, -1195, "T", "SMD", "TX", "", "O", 24.8, 73.42, 0, 270],
		[57, "CH340N_7", 3350.61, -1145, "T", "SMD", "RX", "", "O", 24.8, 73.42, 0, 270],
		[58, "CH340N_8", 3350.61, -1095, "T", "SMD", "$1N2475", "", "O", 24.8, 73.42, 0, 270],
		[59, "HC-SR_1", 4135, -550, "T", "DIP", "+5V", "", "R", 70.87, 70.87, 39.4, 0],
		[60, "HC-SR_1", 4135, -550, "B", "DIP", "+5V", "", "R", 70.87, 70.87, 39.4, 0],
		[61, "HC-SR_2", 4035, -550, "T", "DIP", "TRIG", "", "C", 70.87, 70.87, 39.4, 0],
		[62, "HC-SR_2", 4035, -550, "B", "DIP", "TRIG", "", "C", 70.87, 70.87, 39.4, 0],
		[63, "HC-SR_3", 3935, -550, "T", "DIP", "ECHO", "", "C", 70.87, 70.87, 39.4, 0],
		[64, "HC-SR_3", 3935, -550, "B", "DIP", "ECHO", "", "C", 70.87, 70.87, 39.4, 0],
		[65, "HC-SR_4", 3835, -550, "T", "DIP", "GND", "GND", "C", 70.87, 70.87, 39.4, 0],
		[66, "HC-SR_4", 3835, -550, "B", "DIP", "GND", "GND", "C", 70.87, 70.87, 39.4, 0],
		[67, "RT9013-33GB_1", 2874.58, -1442.6, "T", "SMD", "+5V", "", "R", 19.29, 45.55, 0, 270],
		[68, "RT9013-33GB_2", 2874.58, -1480, "T", "SMD", "GND", "GND", "R", 19.29, 45.55, 0, 270],
		[69, "RT9013-33GB_3", 2874.58, -1517.4, "T", "SMD", "+5V", "", "R", 19.29, 45.55, 0, 270],
		[70, "RT9013-33GB_4", 2965.42, -1517.4, "T", "SMD", "RT9013-33GB_4", "", "R", 19.29, 46.26, 0, 270],
		[71, "RT9013-33GB_5", 2965.42, -1442.6, "T", "SMD", "VCC", "", "R", 19.29, 46.26, 0, 270],
		[72, "SCREW1_1", 2435, -476.57, "T", "DIP", "SCREW1_1", "", "C", 78.74, 78.74, 78.74, 0],
		[73, "SCREW1_1", 2435, -476.57, "B", "DIP", "SCREW1_1", "", "C", 78.74, 78.74, 78.74, 0],
		[74, "SCREW2_1", 2435, -1735, "T", "DIP", "SCREW2_1", "", "C", 78.74, 78.74, 78.74, 0],
		[75, "SCREW2_1", 2435, -1735, "B", "DIP", "SCREW2_1", "", "C", 78.74, 78.74, 78.74, 0],
		[76, "SCREW3_1", 5425, -1735, "T", "DIP", "SCREW3_1", "", "C", 78.74, 78.74, 78.74, 0],
		[77, "SCREW3_1", 5425, -1735, "B", "DIP", "SCREW3_1", "", "C", 78.74, 78.74, 78.74, 0],
		[78, "SCREW4_1", 5425, -476.57, "T", "DIP", "SCREW4_1", "", "C", 78.74, 78.74, 78.74, 0],
		[79, "SCREW4_1", 5425, -476.57, "B", "DIP", "SCREW4_1", "", "C", 78.74, 78.74, 78.74, 0],
		[80, "SWDIO_1", 3765, -1640, "T", "DIP", "VCC", "", "R", 66.93, 66.93, 43.31, 0],
		[81, "SWDIO_1", 3765, -1640, "B", "DIP", "VCC", "", "R", 66.93, 66.93, 43.31, 0],
		[82, "SWDIO_2", 3865, -1640, "T", "DIP", "SWDIO", "", "C", 66.93, 66.93, 43.31, 0],
		[83, "SWDIO_2", 3865, -1640, "B", "DIP", "SWDIO", "", "C", 66.93, 66.93, 43.31, 0],
		[84, "SWDIO_3", 3965, -1640, "T", "DIP", "SWCLK", "", "C", 66.93, 66.93, 43.31, 0],
		[85, "SWDIO_3", 3965, -1640, "B", "DIP", "SWCLK", "", "C", 66.93, 66.93, 43.31, 0],
		[86, "SWDIO_4", 4065, -1640, "T", "DIP", "GND", "GND", "C", 66.93, 66.93, 43.31, 0],
		[87, "SWDIO_4", 4065, -1640, "B", "DIP", "GND", "GND", "C", 66.93, 66.93, 43.31, 0],
		[88, "U1_1", 4202.32, -1248.27, "T", "SMD", "U1_1", "", "O", 10.63, 59.05, 0, 90],
		[89, "U1_2", 4202.32, -1228.58, "T", "SMD", "U1_2", "", "O", 10.63, 59.05, 0, 90],
		[90, "U1_3", 4202.32, -1208.9, "T", "SMD", "U1_3", "", "O", 10.63, 59.05, 0, 90],
		[91, "U1_4", 4202.32, -1189.21, "T", "SMD", "U1_4", "", "O", 10.63, 59.05, 0, 90],
		[92, "U1_5", 4202.32, -1169.53, "T", "SMD", "OSCIN", "", "O", 10.63, 59.05, 0, 90],
		[93, "U1_6", 4202.32, -1149.84, "T", "SMD", "OSCOUT", "", "O", 10.63, 59.05, 0, 90],
		[94, "U1_7", 4202.32, -1130.16, "T", "SMD", "U1_7", "", "O", 10.63, 59.05, 0, 90],
		[95, "U1_8", 4202.32, -1110.47, "T", "SMD", "U1_8", "", "O", 10.63, 59.05, 0, 90],
		[96, "U1_9", 4202.32, -1090.79, "T", "SMD", "U1_9", "", "O", 10.63, 59.05, 0, 90],
		[97, "U1_10", 4202.32, -1071.1, "T", "SMD", "U1_10", "", "O", 10.63, 59.05, 0, 90],
		[98, "U1_11", 4202.32, -1051.42, "T", "SMD", "U1_11", "", "O", 10.63, 59.05, 0, 90],
		[99, "U1_12", 4202.32, -1031.73, "T", "SMD", "U1_12", "", "O", 10.63, 59.05, 0, 90],
		[100, "U1_13", 4143.27, -972.68, "T", "SMD", "U1_13", "", "O", 59.05, 10.63, 0, 90],
		[101, "U1_14", 4123.58, -972.68, "T", "SMD", "U1_14", "", "O", 59.05, 10.63, 0, 90],
		[102, "U1_15", 4103.9, -972.68, "T", "SMD", "U1_15", "", "O", 59.05, 10.63, 0, 90],
		[103, "U1_16", 4084.21, -972.68, "T", "SMD", "TRIG", "", "O", 59.05, 10.63, 0, 90],
		[104, "U1_17", 4064.53, -972.68, "T", "SMD", "ECHO", "", "O", 59.05, 10.63, 0, 90],
		[105, "U1_18", 4044.84, -972.68, "T", "SMD", "U1_18", "", "O", 59.05, 10.63, 0, 90],
		[106, "U1_19", 4025.16, -972.68, "T", "SMD", "U1_19", "", "O", 59.05, 10.63, 0, 90],
		[107, "U1_20", 4005.47, -972.68, "T", "SMD", "BOOT1", "", "O", 59.05, 10.63, 0, 90],
		[108, "U1_21", 3985.79, -972.68, "T", "SMD", "U1_21", "", "O", 59.05, 10.63, 0, 90],
		[109, "U1_22", 3966.1, -972.68, "T", "SMD", "U1_22", "", "O", 59.05, 10.63, 0, 90],
		[110, "U1_23", 3946.42, -972.68, "T", "SMD", "GND", "GND", "O", 59.05, 10.63, 0, 90],
		[111, "U1_24", 3926.73, -972.68, "T", "SMD", "VCC", "", "O", 59.05, 10.63, 0, 90],
		[112, "U1_25", 3867.68, -1031.73, "T", "SMD", "U1_25", "", "O", 10.63, 59.05, 0, 90],
		[113, "U1_26", 3867.68, -1051.42, "T", "SMD", "U1_26", "", "O", 10.63, 59.05, 0, 90],
		[114, "U1_27", 3867.68, -1071.1, "T", "SMD", "U1_27", "", "O", 10.63, 59.05, 0, 90],
		[115, "U1_28", 3867.68, -1090.79, "T", "SMD", "U1_28", "", "O", 10.63, 59.05, 0, 90],
		[116, "U1_29", 3867.68, -1110.47, "T", "SMD", "U1_29", "", "O", 10.63, 59.05, 0, 90],
		[117, "U1_30", 3867.68, -1130.16, "T", "SMD", "TX", "", "O", 10.63, 59.05, 0, 90],
		[118, "U1_31", 3867.68, -1149.84, "T", "SMD", "RX", "", "O", 10.63, 59.05, 0, 90],
		[119, "U1_32", 3867.68, -1169.53, "T", "SMD", "U1_32", "", "O", 10.63, 59.05, 0, 90],
		[120, "U1_33", 3867.68, -1189.21, "T", "SMD", "U1_33", "", "O", 10.63, 59.05, 0, 90],
		[121, "U1_34", 3867.68, -1208.9, "T", "SMD", "SWDIO", "", "O", 10.63, 59.05, 0, 90],
		[122, "U1_35", 3867.68, -1228.58, "T", "SMD", "GND", "GND", "O", 10.63, 59.05, 0, 90],
		[123, "U1_36", 3867.68, -1248.27, "T", "SMD", "VCC", "", "O", 10.63, 59.05, 0, 90],
		[124, "U1_37", 3926.73, -1307.32, "T", "SMD", "SWCLK", "", "O", 59.05, 10.63, 0, 90],
		[125, "U1_38", 3946.42, -1307.32, "T", "SMD", "U1_38", "", "O", 59.05, 10.63, 0, 90],
		[126, "U1_39", 3966.1, -1307.32, "T", "SMD", "U1_39", "", "O", 59.05, 10.63, 0, 90],
		[127, "U1_40", 3985.79, -1307.32, "T", "SMD", "PB4", "", "O", 59.05, 10.63, 0, 90],
		[128, "U1_41", 4005.47, -1307.32, "T", "SMD", "U1_41", "", "O", 59.05, 10.63, 0, 90],
		[129, "U1_42", 4025.16, -1307.32, "T", "SMD", "SCL", "", "O", 59.05, 10.63, 0, 90],
		[130, "U1_43", 4044.84, -1307.32, "T", "SMD", "SDA", "", "O", 59.05, 10.63, 0, 90],
		[131, "U1_44", 4064.53, -1307.32, "T", "SMD", "BOOT0", "", "O", 59.05, 10.63, 0, 90],
		[132, "U1_45", 4084.21, -1307.32, "T", "SMD", "U1_45", "", "O", 59.05, 10.63, 0, 90],
		[133, "U1_46", 4103.9, -1307.32, "T", "SMD", "U1_46", "", "O", 59.05, 10.63, 0, 90],
		[134, "U1_47", 4123.58, -1307.32, "T", "SMD", "GND", "GND", "O", 59.05, 10.63, 0, 90],
		[135, "U1_48", 4143.27, -1307.32, "T", "SMD", "VCC", "", "O", 59.05, 10.63, 0, 90],
		[136, "USB1_1", 2683.51, -1054.01, "T", "SMD", "GND", "GND", "R", 21.65, 43.31, 0, 270],
		[137, "USB1_2", 2683.51, -1085.52, "T", "SMD", "+5V", "", "R", 21.65, 43.31, 0, 270],
		[138, "USB1_3", 2683.51, -1111.11, "T", "SMD", "USB1_3", "", "R", 11.81, 43.31, 0, 270],
		[139, "USB1_4", 2683.51, -1130.8, "T", "SMD", "$1N1822", "", "R", 11.81, 43.31, 0, 270],
		[140, "USB1_5", 2683.51, -1150.47, "T", "SMD", "D-", "", "R", 11.81, 43.31, 0, 270],
		[141, "USB1_6", 2683.51, -1170.15, "T", "SMD", "D+", "", "R", 11.81, 43.31, 0, 270],
		[142, "USB1_7", 2683.51, -1189.85, "T", "SMD", "D-", "", "R", 11.81, 43.31, 0, 270],
		[143, "USB1_8", 2683.51, -1209.53, "T", "SMD", "D+", "", "R", 11.81, 43.31, 0, 270],
		[144, "USB1_9", 2683.51, -1229.21, "T", "SMD", "USB1_9", "", "R", 11.81, 43.31, 0, 270],
		[145, "USB1_10", 2683.51, -1248.9, "T", "SMD", "$1N1810", "", "R", 11.81, 43.31, 0, 270],
		[146, "USB1_11", 2683.51, -1274.49, "T", "SMD", "+5V", "", "R", 21.65, 43.31, 0, 270],
		[147, "USB1_12", 2683.51, -1305.99, "T", "SMD", "GND", "GND", "R", 21.65, 43.31, 0, 270],
		[148, "USB1_13", 2661.86, -1009.72, "T", "DIP", "GND", "GND", "O", 43.31, 78.74, 59.05, 270],
		[149, "USB1_13", 2661.86, -1009.72, "B", "DIP", "GND", "GND", "O", 43.31, 78.74, 59.05, 270],
		[150, "USB1_13", 2496.49, -1009.72, "T", "DIP", "GND", "GND", "O", 47.24, 70.87, 47.24, 270],
		[151, "USB1_13", 2496.49, -1009.72, "B", "DIP", "GND", "GND", "O", 47.24, 70.87, 47.24, 270],
		[152, "USB1_14", 2661.86, -1350.28, "T", "DIP", "GND", "GND", "O", 43.31, 78.74, 59.06, 270],
		[153, "USB1_14", 2661.86, -1350.28, "B", "DIP", "GND", "GND", "O", 43.31, 78.74, 59.06, 270],
		[154, "USB1_14", 2496.49, -1350.28, "T", "DIP", "GND", "GND", "O", 47.24, 70.87, 47.24, 270],
		[155, "USB1_14", 2496.49, -1350.28, "B", "DIP", "GND", "GND", "O", 47.24, 70.87, 47.24, 270],
		[156, "X1_1", 4455, -1137.6, "T", "SMD", "OSCOUT", "", "R", 59.05, 106.3, 0, 90],
		[157, "X1_2", 4455, -1212.4, "T", "SMD", "OSCIN", "", "R", 59.05, 106.3, 0, 90]
	]
}
}